Qcode,Null_2013,Null_2022,Type,QUESTION_2013,QUESTION_2022,process
k5f,1062,841,Percent,"2011/2012 회계연도 동안 이 시설의 총 고정 자산 구매 중 다음 각 출처에서 자금을 조달한 비율을 추정하십시오.
공급업체로부터 신용 구매 및 고객으로부터 선지급",회계연도[최근 전체 회계 연도 삽입] 동안 다음 출처에서 자금을 조달한 고정 자산의 총 구매 비율을 표시해라_공급업체로부터 신용 구매 및 고객으로부터 선지급,Null
a0,0,0,Nominal,manufacturing 인가?,module,Null
a1a,,0,,언어코드 작성,Laguage,Null
a2,0,0,Nominal,Smapling Region,Sampling location,
c11,579,735,Percent,2011/2012 회계연도에 이 시설의 전기 중 몇 퍼센트가 시설이 소유하거나 공유하는 발전기에서 나왔습니까?(백분율),이 시설의 전기 중 몇 퍼센트가 해당 발전기에서 나왔습니까?,Null
b4a,1190,928,Percent,회사의 몇 퍼센트가 여성 소유입니까?,여성 소유 비율은?,Null
a3a,0,0,Nominal,Screener Region,Screener region,
a3x,,,Text,Name of city/town/village,Name of city/town/village,Null
a4a,0,0,Nominal,샘플링 산업구분,Sampling sector,
a6a,0,0,Nominal,샘플링 사이즈,Sampling size,
c14,1415,993,Nominal,수도 연결 신청과 관련하여 비공식적인 선물이나 지불이 예상되거나 요청되었습니까?,해당 신청서와 관련하여 비공식적인 선물이나 지불을 기대하거나 요청했습니까?,Null
a6b,0,0,Nominal,스크리너 사이즈,Screener Size,Null
d4,1184,924,Continuous,"2011/2012 회계연도에 이 시설이 상품을 직접 수출했을 때 이 시설의 상품이 주요 출구(예: 항구, 공항)에 도착한 때부터 이 상품이 세관을 
통과할 때까지 평균적으로 며칠이 걸렸습니까?","회계연도[최근 회계연도 삽입]에서 이 시설이 상품을 직접 수출했을 때, 이 시설의 상품이 주요 수출 지접(예: 항구, 공항)에 도착한 시간부터 다음 시간까지 평균적으로 며칠이 걸렸습니까?
통관까지 걸리는 평균 일수(Day)",Null
a7,0,0,Nominal,이 회사가 더 큰 회사의 일부인가?,Multi-establishment,Null
i2a,,856,,2011/2012 회계연도에 이 시설의 연간 총 매출 중 몇 퍼센트가 보증금으로 지불되었습니까? 또는 연간 총 경비는 얼마입니까?(연간 총 보안 매출 비중),이 시설의 연간 총 매출 중 보안을 위해 지불한 비율은 몇 퍼센트입니까?,Null
j15,1387,981,Nominal,운영 면허 신청과 관련하여 비공식적인 선물이나 지불이 예상되거나 요청되었습니까?,운영 허가 신청서와 관련하여 비공식적인 선물이나 지불이 기대되거나 요청되었습니까?,Null
l11b,1068,963,Percent,"2011/2012 회계 연도에 실행된 교육 프로그램을 참조하면 다음 범주의 정규 직원 중 몇 퍼센트가 공식 교육을 받았습니까?
비생산 저규직 직원 교육",훈련 프로그램을 언급할 때 다음 범주의 상근 풀타임 근로자 중 공식 훈련을 받은 비율은 몇 퍼센트입니까?_비생산 상근 정규직 근로자 교육_백분율,Null
b1,1,2,Nominal,회사의 법적 지위,이 회사의 현재 법적 지위는 무엇입니까?,Null
k5i,1062,841,Percent,"2011/2012 회계연도 동안 이 시설의 총 고정 자산 구매 중 다음 각 출처에서 자금을 조달한 비율을 추정하십시오.
Owners’ contribution or issued new equity shares",회계연도[최근 전체 회계 연도 삽입] 동안 다음 출처에서 자금을 조달한 고정 자산의 총 구매 비율을 표시해라_소유자의 출자 또는 신주 발행,Null
b2a,0,0,Percent,회사 지분 소유 퍼센트(답변 4개 합쳐서 100%),"다음은 이 회사의 몇 퍼센트를 소유하고 있습니까?
개인 국내 개인, 회사 또는 조직",
d14,1132,920,Continuous,"2011/2012 회계연도에 이 시설이 재료 투입물이나 공급품을 수입했을 때, 이러한 상품이 입국 지점(예: 항구, 공항)에 도착한 때부터 해당 상
품을 수령할 수 있는 시간까지 평균적으로 며칠이 걸렸습니까?(통관에 소요되는 평균 일수)","이 시설이 이러한 재료 투입물 또는 공급품을 수입할 때, 이러한 물품이 입국 지점(예: 항구, 공항)에 도착한 때부터 세관에서 물품을 처구할 수 있을 때까지 평균적으로 며칠이 걸렸습니까?",Null
b2b,0,0,Percent,회사 지분 소유 퍼센트(답변 4개 합쳐서 100%),"다음은 이 회사의 몇 퍼센트를 소유하고 있습니까?
민간 외국인, 회사 또는 조직",
b2c,0,0,Percent,회사 지분 소유 퍼센트(답변 4개 합쳐서 100%),"다음은 이 회사의 몇 퍼센트를 소유하고 있습니까?
정부 또는 국가",
b2d,0,0,Percent,회사 지분 소유 퍼센트(답변 4개 합쳐서 100%),"다음은 이 회사의 몇 퍼센트를 소유하고 있습니까?
기타",
b3,15,18,Percent,회사 최대주주의지분 소유 퍼센트,이 회사의 최대 소유주는 몇 퍼센트를 소유합니까?,
b4,1,2,Nominal,회사 오너 중에 여성이 있는가?,회사 오너 중에 여성이 있습니까?,
b5,5,5,,이 시설은 몇년도에 운영을 시작했습니까?,이 시설은 몇 년도에 운영을 시작했습니까?,
b6,76,75,Continuous,기업이 운영을 시작했을 때 몇 명의 full-time 직원을 고용했습니까? 모든 직원과 관리자를 포함하십시오,이 시설이 운영을 시작했을 때 정규직 근로자는 몇 명이었습니까? 모든 근로자와 관리자를 포함하십시오.,
b6b,74,32,,이 시설은 몇 년도에 공식적으로 등록되었습니까?,이 시설은 몇 년도에 공식적으로 등록되었습니까?,
b7,9,13,Continuous,최고 관리자는 이 분야에서 몇 년 동안 일했습니까?,최고 관리자는 이 분야에서 몇 년 동안 일했습니까?,
b7a,0,0,Nominal,최고 관리자는 여자인가요?,최고관리자는 여자인가요?,
j6,1386,973,Percent,"이와 같은 시설이 정부와 거래할 때 계약을 확보하기 위해 일반적으로 계약 금액의 몇 퍼센트를 비공식적인 지불이나 선물로 지불합니까?
비공식 지급 또는 선물로 지급된 계약 가치의 비율",시설이 정부와 거래할 때 계약을 확보하기 위해 일반적으로 계약 금액의 몇 퍼센트를 비공식적인 지불이나 선물로 지불합니까?,Null
d8,1081,879,,이 시설이 처음 직간접적으로 수출한 연도는 언제입니까?,"이 시설이 처음 직간접적으로 수출한 연도는 언제입니까?
Year",Null
b8,15,4,Nominal,"이 시설은 국제적으로 인정받는 품질 인증을 가지고 있습니까?
(예: some examples are ISO 9000 or 14000, or HACCP)",이 시설은 국제적으로 인정되는 품질 인증을 받았습니까?,
c10,0,1,Nominal,2011/2012 회계연도 동안 이 시설은 발전기를 소유했거나 공유했습니까?,회계연도[마지막 전체 회계연도 삽입] 동안 이 시설은 발전기를 소유했거나 공유했습니까?,
n5a,1076,822,Continuous,"2011/2012 회계연도에 이 시설에서 다음 항목을 구입하는 데 지출한 금액
기계, 차량 및 장비(신규 또는 중고)(Taka)","회계연도 [마지막 회계 연도 삽입]에 이 시설은 신규 또는 중고 기계, 차량 및 장비의 구매에 얼마를 소비했습니까?(Taka)",Null
c12,1,0,Nominal,지난 2년 동안 이 시설은 수도 연결을 얻기 위해 신청서를 제출했습니까?,지난 2년 동안 이 시설이 상수도 연결을 신청했습니까?,
c15,341,456,Nominal,2011/2012 회계연도 동안 이 시설은 생산을 위한 물 공급이 충분하지 않았습니까?,회계연도[최종 회계연도 삽입] 동안 이 시설은 생산을 위한 물 공급이 충분하지 않았습니까?,
c22b,1,3,Nominal,현재 이 시설에는 자체 웹사이트가 있습니까?,현재 이 시설에 자체 웹사이트나 소셜 미디어 페이지가 있습니까?,
c3,2,0,Nominal,지난 2년 동안 이 시설은 전기 연결을 얻기 위해 신청서를 제출했습니까?,지난 2년 동안 이 시설에서 전기 연결을 신청했습니까?,
c30a,2,5,Nominal,전기가 이 시설의 현재 운영에 어느 정도 장애가 됩니까 ,카드의 응답 옵션 사용 전기가 이 시설의 현재 운영에 어느 정도 장애가 됩니까?,
c9b,512,965,Continuous,정전으로 인한 손실을 연간 총 매출의 백분율 또는 연간 총 손실로 추정하십시오._정전으로 인한 연간 손실(Taka),"정전으로 인한 손실을 연간 총 매출의 백분율 또는 연간 총 손실로 추정하십시오.
Taka",
c17,1376,988,Continuous, 물 공급 부족 사건은 평균적으로 얼마나 오래 지속되었습니까?(시간단위),"이러한 물 공급 부족 사건은 평균적으로 얼마나 오래 지속되었습니까?
Hour",Null
k15c,1373,827,Continuous,"이 시설이 보유하고 있는 미결제 대출 또는 신용 한도의 총액은 얼마입니까?
Taka",이 시설이 보유하고 있는 모든 개설 신용 한도 및 대출의 총 미결제 잔액은 얼마입니까?(모든 열린 신용 한도 및 대출의 총 미결제 잔액),Null
c6,0,1,Nominal,2011/2012 회계연도 동안 이 시설에서 정전이 발생했습니까?,회계연도[마지막 전체 회계연도 삽입] 동안 이 시설에서 정전이 발생했습니까?(생산에 영향을 미치지 않는 정전은 포함되지 않음),
k11,920,780,Continuous,"가장 최근의 대출 또는 신용 한도만 언급하면 승인 당시의 가치는 얼마였습니까?
Taka",신용 한도 또는 대출이 승인되었을 때 그것의 가치는 얼마였습니까?(Taka),Null
c7,485,266,Continuous,2011/2012 회계연도 동안 일반적인 한 달 동안 이 시설에서 정전이 몇 번 발생했습니까?,보통 한 달에 이 시설에서 정전이 몇 번이나 발생했습니까?,
c13,1419,994,Continuous,그 수도 연결 신청과 관련하여 신청일로부터 서비스를 받은 날까지 대략 며칠이 걸렸습니까?,그 신청과 관련하여 신청일로부터 서비스를 받은 날까지 대략 며칠 정도 걸렸습니까?,Null
c9a,,406,,정전으로 인한 손실을 연간 총 매출의 백분율 또는 연간 총 손실로 추정하십시오._정전으로 인한 연간 총 매출 대비 손실 비율,정전으로 인한 손실을 연간 총 매출의 백분율 또는 연간 총 손실로 추정하십시오.,
l6a,1118,800,Continuous,,[마지막 전체 회계 연도 삽입] 동안 이 시설에 몇 명의 상근 계절 근로자 또는 임시 근로자가 있었습니까?_여성은 몇 명?,Null
n2i,1344,869,Continuous,"이 시설의 2011/2012 회계연도 손익계산서에서 다음 정보를 제공하십시오.
총 연간 전기 비용(Taka)",이 시설의 회계 연도 손익 계산서를 보고 재판매를 위해 구매한 완제품 및 자재의 연간 총 비용을 적어라(Taka),Null
d10,129,224,Percent,"2011/2012 회계연도에 이 시설이 국내 시장에 공급하기 위해 선적한 제품 가치 중 도난으로 인해 운송 중에 손실된 제품의 비율은 몇 퍼센트입니
까?","회계 연도[최근 전체 회계 연도 삽입]에 이 시설이 국내 시장에 공급하기 위해 선적한 제품 가치 중 다음 각 요인으로 인해 운송 중에 손실된 제품의 비율은 몇 퍼센트입니까?
Theft?",
j7b,383,980,Continuous,"시설은 관세, 세금, 면허, 규정, 서비스 등과 관련하여 ""일을 처리""하기 위해 때때로 공무원에게 선물이나 비공식적인 금전을 제공해야 한다고 합니다. 연간 가치, 이와 같은 시설은 이러한 목적으로 공무원에게 비공식 지불이나 선물을 지불합니까?
총 연간 비공식 지불(Taka)","시설은 관세, 세금, 면허, 규정, 서비스 등과 관련하여 ""일을 처리""하기 위해 때때로 공무원에게 선물이나 비공식적인 금전을 제공해야 한다고 합니다. 평균적으로 연간 총 매출 또는 예상 총 연간 가치의 몇 퍼센트 , 이와 같은 시설은 이러한 목적으로 공무원에게 비공식적인 지불이나 선물을 지불합니까?_Taka단위",Null
j12,1394,989,Nominal,수입 허가 신청과 관련하여 비공식적인 선물이나 지불이 예상되거나 요청되었습니까?,수입 허가 신청서와 관련하여 비공식적인 선물이나 지불이 기대되거나 요청되었습니까?,Null
d11,135,227,Percent,2011/2012 회계연도에 이 시설이 국내 시장에 공급하기 위해 선적한 제품 중 파손 또는 손상으로 인해 운송 중에 손실된 제품의 가치는 몇 퍼센트입니까?,"회계 연도[최근 전체 회계 연도 삽입]에 이 시설이 국내 시장에 공급하기 위해 선적한 제품 가치 중 다음 각 요인으로 인해 운송 중에 손실된 제품의 비율은 몇 퍼센트입니까?
Breakage or spoilage?",
d12a,263,9,Percent,2011/2012 회계연도에 해당 연도에 구매한 모든 재료 투입물 또는 공급품의 비율로서 이 시설의 재료 투입물 또는 공급품 중 몇 퍼센트가 국내산 재료 투입물 또는 공급품이었는가?,"회계연도[마지막 전체 회계연도 삽입]에 이 시설의 재료 투입물 또는 공급품 구매 비율은 몇 퍼센트입니까?
국내산",
d12b,263,9,Percent,2011/2012 회계연도에 해당 연도에 구매한 모든 재료 투입물 또는 공급품의 비율로서 이 시설의 재료 투입물 또는 공급품 중 몇 퍼센트가 외국산 재료 투입물 또는 공급품이었는가?,"회계연도[마지막 전체 회계연도 삽입]에 이 시설의 재료 투입물 또는 공급품 구매 비율은 몇 퍼센트입니까?
외국산",
d1a1x,0,0,Text,"2011/2012 회계연도에 이 시설의 주요 제품 또는 활동, 즉 연간 매출의 가장 큰 부분을 차지하는 제품 또는 활동은 무엇입니까?_화동 또는 제품을 상세히 설명","회계연도[최근 전체 회계 연도 삽입]에서 이 시설의 주요 활동 및 제품, 즉 연간 매출의 가장 큰 비중을 차지하는 활동 및 제품은 무엇이었습니까?
주요 활동 및 제품에 대한 자세한 설명",Null
k14d,948,760,Nominal,"가장 최근의 대출 또는 신용 한도만 참조하면, 어떤 유형의 담보가 필요했습니까?
Personal assets of owner (house, etc.)",신용 한도 또는 대출 자금 조달에 어떤 유형의 담보가 필요했습니까?_소유자의 개인 자산(주택 등),Null
c5,1331,949,Nominal,해당 전기 연결 신청과 관련하여 비공식적인 선물이나 지불을 기대하거나 요청했습니까?,해당 신청서와 관련하여 비공식적인 선물이나 지불을 기대하거나 요청했습니까?,Null
k14c,957,759,Nominal,"가장 최근의 대출 또는 신용 한도만 참조하면, 어떤 유형의 담보가 필요했습니까?
Accounts receivable and inventories",신용 한도 또는 대출 자금 조달에 어떤 유형의 담보가 필요했습니까?_외상매출금 및 재고자산,Null
d1a3,7,0,Percent,주요 제품 또는 활동이 나타내는 총 매출의 비율은 얼마입니까,이 주요 활동 또는 제품이 나타내는 총 매출의 비율은 얼마입니까?,
d2,53,27,Continuous,2011/2012 회계연도에 이 시설의 모든 제품 및 서비스 에 대한 총 연간 매출(Taka),"회계 연도 2020/2021에서 이 시설의 모든 제품 및 서비스에 대한 총 연간 매출은 얼마였습니까?
Taka",
k14a,939,758,Nominal,"가장 최근의 대출 또는 신용 한도만 참조하면, 어떤 유형의 담보가 필요했습니까?
Land, buildings under ownership of the establishment","신용 한도 또는 대출 자금 조달에 어떤 유형의 담보가 필요했습니까?_토지, 시설의 소유권에  따른 건물",Null
g6a,1308,11,Percent,이 시설이 점유하고 있는 건물 중 시설 소유는 몇 퍼센트입니까?,이 시설이 점유하고 있는 건물 중 이 시설이 소유하고 있는 건물의 비율은 몇 퍼센트입니까?,Null
d2x,53,27,Text,2011/2012 회계연도에 이 시설의 모든 제품 및 서비스 에 대한 총 연간 매출(글로 적기),"회계 연도 2020/2021에서 이 시설의 모든 제품 및 서비스에 대한 총 연간 매출은 얼마였습니까?
텍스트로 직접 적어 주십시오",Null
d30a,0,78,Nominal,운송이 이 시설의 현재 운영에 어느 정도 장애가 됩니까 ?,"카드의 응답 옵션 사용 다음 각 항목은 이 시설의 현재 운영에 어느 정도 장애가 됩니까?
운송 수단",
k14e,1036,760,Nominal,"가장 최근의 대출 또는 신용 한도만 참조하면, 어떤 유형의 담보가 필요했습니까?
Other forms of collateral not included in the categories above",신용 한도 또는 대출 자금 조달에 어떤 유형의 담보가 필요했습니까?_그 외의 다른 유형의 담보,Null
d30b,13,453,Nominal,관세 및 무역 규정이 이 시설의 현재 운영에 어느 정도 장애가 됩니까 ? ,"카드의 응답 옵션 사용 다음 각 항목은 이 시설의 현재 운영에 어느 정도 장애가 됩니까?
관세 및 무역 규정",
d3a,0,1,Percent,2011/2012 회계연도에 이 시설의 판매 중 전국 판매의 비율은?,"회계 연도 [마지막 전체 회계 연도 삽입]로 돌아가서 이 시설의 매출 비율은 몇 퍼센트입니까?
전국 판매",
d3b,0,1,Percent,2011/2012 회계연도에 이 시설의 판매 중 간접 수출의 비율은?,"회계 연도 [마지막 전체 회계 연도 삽입]로 돌아가서 이 시설의 매출 비율은 몇 퍼센트입니까?
간접 수출(제품을 수출하는 제3자에게 국내에서 판매)",
g4,1393,973,Nominal,건설 관련 허가 신청과 관련하여 비공식적인 선물이나 지불이 예상되거나 요청되었습니까?,건설 관련 허가를 받기 위해 신청과 관련하여 비공식적인 선물이나 지불을 기대하거나 요청했습니까?,Null
l8,1129,800,Continuous,"2011/2012 회계연도에 모든 정규 임시 직원의 평균 고용 기간은 얼마입니까?
지난 회계연도의 평균 풀타임 계절 또는 임시 고용(개월)",회계연도[마지막 전체 회계연도 삽입]에 전체 정규직 임시 근로자의 평균 고용 기간은 얼마였습니까?,Null
c4,1371,954,,해당 전기 연결 신청과 관련하여 신청일로부터 서비스를 받기까지 소요된 기간은 대략 며칠입니까?,그 신청과 관련하여 신청일로부터 서비스를 받은 날까지 대략 며칠 정도 걸렸습니까?,Null
d3c,0,1,Percent,2011/2012 회계연도에 이 시설의 판매 중 직접 수출의 비율은?,"회계 연도 [마지막 전체 회계 연도 삽입]로 돌아가서 이 시설의 매출 비율은 몇 퍼센트입니까?
직접 수출",
e1,262,459,Nominal,2011/2012 회계연도에 이 시설이 주요 제품을 판매한 주요 시장은 다음 중 어느 것입니까?,회계연도 [마지막 전체 회계연도 삽입]에서 이 시설이 주요 제품을 판매한 주요 시장은 다음 중 어느 것입니까?,
e11,14,12,Nominal,이 시설은 미등록 또는 비공식 회사와 경쟁합니까?,이 시설은 미등록 또는 비공식 시설과 경쟁합니까?,
k5hdj,1062,841,Percent,"2011/2012 회계연도 동안 이 시설의 총 고정 자산 구매 중 다음 각 출처에서 자금을 조달한 비율을 추정하십시오.
기타, 대금업자, 친구, 친척, 채권 등","회계연도[최근 전체 회계 연도 삽입] 동안 다음 출처에서 자금을 조달한 고정 자산의 총 구매 비율을 표시해라_기타, 대금업자, 친구, 친척, 채권 등",Null
e30,5,92,Nominal,비공식 부문에서의 경쟁자 관행이 이 시설의 현재 운영에서 어느 정도 장애가 됩니까?,카드의 응답 옵션 사용 사용 비공식 부문에서 경쟁업체의 관행이 이 시설의 현재 운영에 어느 정도 장애가 됩니까?,
e2b,1037,643,Continuous,2011/2012 회계연도에 이 시설이 주요 제품을 판매한 주요 시장에서 이 시설의 주요 제품에 직면한 경쟁자는 몇 명입니까?,"회계연도 [마지막 전체 회계연도 삽입]에서 이 시설이 주요 제품을 판매한 주요 시장에서 이 시설의 주요 제품이 몇 명의 경쟁자와 대면했습니까?
경쟁자 수",Null
e6,263,457,Nominal,이 시설은 현재 사무용 소프트웨어를 제외하고 외국인 소유 기업으로부터 라이센스를 받은 기술을 사용하고 있습니까?,이 시설은 현재 사무용 소프트웨어를 제외하고 외국인 소유 기업으로부터 라이선스를 받은 기술을 사용하고 있습니까?,
f1,264,462,Percent,2011/2012 회계연도에 사용 가능한 모든 리소스(용량 활용률)를 사용할 경우 가능한 최대 생산량의 비율로 산출된 시설의 생산량은 얼마입니까?(퍼센트),회계 연도[마지막 전체 회계 연도 삽입]에서 이 시설의 산출량은 가능한 모든 물리적 자본을 사용하는 경우 가능한 최대 산출량의 백분율로 얼마입니까(용량 활용)?,
f2,262,455,Continuous,2011/2012 회계연도에 이 시설은 일반적으로 주당 몇 시간 운영되었습니까?,"그리고 이 업소는 보통 일주일에 몇 시간 운영했습니까?
Hour",
j14,1397,984,Continuous,이 운영 면허를 신청한 날부터 부여받은 날까지 대략 며칠이 걸렸습니까? (Days),운영허가를 받기 위해 신청일로부터 며칠을 기다렸습니까?,Null
n5b,1108,820,Continuous,"2011/2012 회계연도에 이 시설에서 다음 항목을 구입하는 데 지출한 금액
토지 및 건물(Taka)",회계연도 [마지막 회계 연도 삽입]에 이 시설은 기존 구조물의 확장 및 개조를 포함한 토지 및 건물에 얼마를 소비했습니까?(Taka),Null
g1a,0,34,Percent,이 시설이 점유하고 있는 토지 중 시설 소유는 몇 퍼센트입니까?,이 시설이 점유하고 있는 토지 중 이 시설이 소유하고 있는 토지의 비율은 몇 퍼센트입니까?,
g2,1,7,Nominal,지난 2년 동안 이 시설은 건축 관련 허가를 받기 위해 신청서를 제출했습니까?,지난 2년 동안 이 시설이 건설 관련 허가를 받기 위해 신청했습니까?,
d13,819,841,Nominal,2011/2012 회계연도에 구입한 재료 투입물 또는 공급품이 직접 수입되었습니까?,재료 투입물 또는 공급품이 직접 수입되었습니까?,Null
g30a,4,100,Nominal,토지에 대한 접근이 이 시설의 현재 운영에 어느 정도 장애가 됩니까 ?,카드의 응답 옵션 사용 토지에 대한 접근이 이 시설의 현재 운영에 어느 정도 장애가 됩니까?,
h1,2,3,Nominal,지난 3년 동안 이 시설은 새롭 거나 상당히 개선된 제품이나 서비스를 도입했습니까?,지난 3년 동안 이 시설은 새롭거나 개선된 제품이나 서비스를 도입했습니까?,
h30,26,112,Nominal,"카드의 응답 옵션 사용이 이 시설의 현재 운영에 어느 정도 장애물입니까?
Courts",법원이 이 시설의 현재 운영에 어느 정도의 장애물입니까?,
k15a,989,844,Continuous,"가장 최근의 신용 한도 또는 대출만 언급할 때 필요한 담보의 대략적인 가치는 얼마였습니까?
담보가치(Taka)",신용 한도 또는 대출 자금 조달에 필요한 담보의 가치는 얼마였습니까?(Taka),Null
h5,7,9,Nominal,지난 3년 동안 이 시설에서 새롭 거나 상당히 개선된 조직 구조 또는 관리 관행을 도입했습니까?,"지난 3년 동안 이 시설은 새롭거나 개선된 프로세스를 도입했습니까? 여기에는 다음이 포함됩니다. 제품 제조 또는 서비스 제공 방법; 투입물, 제품 또는 서비스의 물류, 배송 또는 유통 방법 또는 프로세스를 위한 지원 활동?",
h7a,22,99,Nominal,"법원 시스템과 그것이 비즈니스에 미치는 영향을 설명하는 한 문장을 읽을 것입니다. 매우 동의하지 않는 경우, 동의하지 않는 경향이 있는 경우, 동의하는 경우 또는 매우 동의하는 경우 알려주세요.
""법원 시스템은 공정하고 공평하며 부패하지 않습니다.""","다음 질문에 동의하는 정도를 표시해라_""법원 시스템은 공정, 공평하며 부패하지 않습니다.""",
h8,3,9,Nominal,"지난 3년 동안 이 시설은 직원들에게 제품이나 서비스, 비즈니스 프로세스, 회사 관리 또는 마케팅에 대한 새로운 접근 방식이나 새로운 아이디어를 개발하거나 시도할 시간을 주었습니까?",회계 연도 [최근 전체 회계 연도 삽입] 동안 이 시설은 시장 조사 조사를 제외하고 사내에서 또는 다른 회사와 계약을 맺은 연구 개발 활동에 지출했습니까?,
i1,2,6,Nominal,"2011/2012 회계연도에 이 시설은 장비, 인력 또는 전문 보안 서비스와 같은 보안 비용을 지불했습니까?","회계연도[최종 회계연도 삽입]에 이 시설은 예를 들어 장비, 인력 또는 인터넷 보안을 포함한 전문 보안 서비스와 같은 보안 비용을 지불했습니까?",
i2b,266,562,Continuous,2011/2012 회계연도에 이 시설의 연간 총 매출 중 몇 퍼센트가 보증금으로 지불되었습니까? 또는 연간 총 경비는 얼마입니까?(연간 총 보안 비용_Taka),이 시설의 연간 총 매출 중 보안을 위해 지불한 연간 총 보안 비용은 얼마입니까?,
i3,0,6,Nominal,"2011/2012 회계연도에 이 시설은 이 시설 구내에서 절도, 강도, 기물 파손 또는 방화로 인해 손실을 입었습니까?","회계 연도 [최근 전체 회계 연도 삽입]에 이 시설이 이 시설 구내에서 발생한 절도, 강도, 기물 파손, 방화 또는 인터넷 해킹이나 사기성 인터넷 거래로 인해 손실을 입었습니까?",
k15b,908,784,Continuous,"이 시설이 보유하고 있는 미결제 대출 또는 개설 신용 한도는 총 얼마입니까?
미결제 총 대출 수",이 시설이 보유하고 있는 개설 신용 한도 및 미결제 대출의 총 수는 얼마입니까?(열린 신용 한도 및 미결제 대출의 총 수),Null
i30,0,34,Nominal,"용 범죄, 절도 및 무질서는 이 시설의 현재 운영에 어느 정도 장애가 됩니까 ?","카드의 응답 옵션 사용 범죄, 절도 및 무질서는 이 시설의 현재 운영에 어느 정도 장애가 됩니까?",
j10,9,35,Nominal,지난 2년 동안 이 시설은 수입 허가를 받기 위해 신청서를 제출했습니까?,지난 2년 동안 이 시설은 수입 허가를 받기 위해 신청했습니까?,
i4b,1300,991,Continuous,"2011/2012 회계연도에 이 시설 구내에서 발생한 절도, 강도, 공공 기물 파손 또는 방화로 인한 예상 손실은 연간 총 매출의 백분율 또는 연간 
총 손실로 얼마입니까?(총 연간 손실 가치_Taka)","이 시설 구내에서 발생한 절도, 강도, 기물 파손, 방화 또는 인터넷 해킹이나 사기성 인터넷 거래로 인한 손실을 총 연간 손실로 추정해 주십시오.",Null
g3,1403,975,Continuous,해당 건설 관련 허가 신청과 관련하여 신청일로부터 허가를 받은 날까지 허가를 받는 데 대략 며칠이 걸렸습니까?,"건설 관련 허가를 받기 위해 신청과 관련하여 신청일로부터 허가가 부여된 날까지 약 며칠이 걸렸습니까?
Days",Null
j13,4,29,Nominal,지난 2년 동안 이 시설은 운영 허가를 얻기 위해 신청서를 제출했습니까?,지난 2년 동안 이 시설은 운영 허가를 받기 위해 신청했습니까?,
j2,26,119,Percent,"작년 한 주 동안 정부 규정에 의해 부과된 요구 사항을 처리하는 데 전체 고위 경영진의 시간 중 몇 퍼센트가 소요되었습니까? (고위 경영진이란 생산 또는 판매 근로자의 직속 상사 이상의 관리자, 이사 및 임원을 의미합니다. 정부 규제의 예로는 공무원과의 거래 및 양식 작성을 포함하여 세금, 관세, 노동 규정, 허가 및 등록이 있습니다.)
고위 경영진이 규제를 처리하는 데 소요되는 시간(비율)",작년 한 주 동안 정부 규정에 의해 부과된 요구 사항을 처리하는 데 전체 고위 경영진의 시간 중 몇 퍼센트가 소요되었습니까?,
j3,14,36,Nominal,지난 1년 동안 세무 공무원이 이 시설을 방문하거나 검사했습니까?,지난 1년 동안 세무 공무원이 이 시설을 방문하거나 조사했거나 만나야 했습니까? ,
j30a,16,20,Nominal,"카드의 응답 옵션 사용이 이 시설의 현재 운영에 어느 정도 장애물입니까?
Tax rates",세율이 이 시설의 현재 운영에 어느 정도의 장애물입니까?,
j30b,17,19,Nominal,"카드의 응답 옵션 사용이 이 시설의 현재 운영에 어느 정도 장애물입니까?
Tax administration",세금 관리가 이 시설의 현재 운영에 어느 정도의 장애물입니까?,
j30c,10,20,Nominal,"카드의 응답 옵션 사용이 이 시설의 현재 운영에 어느 정도 장애물입니까?
Business licensing and permits",사업 면허 및 허가가 이 시설의 현재 운영에 어느 정도의 장애물입니까?,
j30e,1,11,Nominal,"카드의 응답 옵션 사용이 이 시설의 현재 운영에 어느 정도 장애물입니까?
Political instability",정치적 불안정이 이 시설의 현재 운영에 어느 정도의 장애물입니까?,
g5bx,,997,,이 시설의 총 판매 면적은 얼마입니까?_단위만 입력(카드에 있는 단위 외의 다른 단위 구체적으로 작성),"이 시설의 총 판매 면적
OTHER (SPECIFY)",Null
i4a,,972,,"2011/2012 회계연도에 이 시설 구내에서 발생한 절도, 강도, 공공 기물 파손 또는 방화로 인한 예상 손실은 연간 총 매출의 백분율 또는 연간 
총 손실로 얼마입니까?(연간 총 매출 대비 손실 비율)","이 시설 구내에서 발생한 절도, 강도, 기물 파손, 방화 또는 인터넷 해킹이나 사기성 인터넷 거래로 인한 손실을 연간 총 매출의 백분율로 추정해주십시오.",Null
j30f,5,30,Nominal,"카드의 응답 옵션 사용이 이 시설의 현재 운영에 어느 정도 장애물입니까?
Corruption",부패가 이 시설의 현재 운영에 어느 정도의 장애물입니까?,
g5a,1322,868,Continuous,이 시설의 총 판매 면적은 얼마입니까?,이 시설의 총 판매 면적은 얼마입니까?,Null
j4,547,427,Continuous,지난 1년 동안 이 시설은 몇 번이나 세무 공무원의 조사를 받거나 면담을 요구받았습니까?,세무 공무원의 검사가 작년에 몇 번이나 있었습니까?,
k5e,1062,841,Percent,"2011/2012 회계연도 동안 이 시설의 총 고정 자산 구매 중 다음 각 출처에서 자금을 조달한 비율을 추정하십시오.
비은행금융기관에서 차입","회계연도[최근 전체 회계 연도 삽입] 동안 다음 출처에서 자금을 조달한 고정 자산의 총 구매 비율을 표시해라_소액금융기관, 신용협동조합, 신용협동조합 또는 금융회사를 포함한 비은행 금융기관에서 차입",Null
j5,562,497,Nominal,이러한 검사 또는 회의에서 선물이나 비공식적인 지불이 예상되거나 요청되었습니까?,세무 공무원의 검사 또는 회의에서 선물이나 비공식적인 지불이 예상되거나 요청되었습니까?,
j6a,12,11,Nominal,지난 1년 동안 이 시설은 정부 계약을 확보했거나 확보하려고 시도했습니까?,지난 1년 동안 이 시설은 정부 계약을 확보했거나 확보하려고 시도했습니까?,
j7a,,328,,"시설은 관세, 세금, 면허, 규정, 서비스 등과 관련하여 ""일을 처리""하기 위해 때때로 공무원에게 선물이나 비공식적인 금전을 제공해야 한다고 합니다. 연간 가치, 이와 같은 시설은 이러한 목적으로 공무원에게 비공식 지불이나 선물을 지불합니까?
약식 지불로 지불된 총 연간 판매 비율","시설은 관세, 세금, 면허, 규정, 서비스 등과 관련하여 ""일을 처리""하기 위해 때때로 공무원에게 선물이나 비공식적인 금전을 제공해야 한다고 합니다. 평균적으로 연간 총 매출 또는 예상 총 연간 가치의 몇 퍼센트 , 이와 같은 시설은 이러한 목적으로 공무원에게 비공식적인 지불이나 선물을 지불합니까?_퍼센트",
k13,861,689,Nominal,가장 최근의 대출 또는 신용 한도만 언급할 때 자금 조달에 담보가 필요했습니까?,신용 한도 또는 대출 자금 조달에 담보가 필요했습니까?,
k15d,31,237,Nominal,현재 이 시설의 소유주(들)는 이 시설의 사업 활동 자금 조달에 사용되는 미불 개인 대출을 가지고 있습니까?,현재 이 시설의 소유주에게 미불 개인 대출이 있습니까?,
k16,50,227,Nominal,"지난 회계연도 2011/2012를 다시 언급할 때, 이 시설이 대출이나 신용 한도를 신청했습니까?","회계 연도[마지막 전체 회계 연도 삽입]를 다시 참조하면, 이 시설이 신용 한도 또는 대출을 신청했습니까?",
k14b,954,760,Nominal,"가장 최근의 대출 또는 신용 한도만 참조하면, 어떤 유형의 담보가 필요했습니까?
Machinery and equipment including movables",신용 한도 또는 대출 자금 조달에 어떤 유형의 담보가 필요했습니까?_동산을 포함한 기계 및 장비,Null
k17,437,448,Nominal,이 시설이 신용 한도 또는 대출을 신청하지 않은 주된 이유는 무엇입니까?,이 시설이 신용 한도 또는 대출을 신청하지 않은 주된 이유는 무엇입니까?,
k5bc,1062,841,Percent,"2011/2012 회계연도 동안 이 시설의 총 고정 자산 구매 중 다음 각 출처에서 자금을 조달한 비율을 추정하십시오.
은행에서 차입: 민간 및 국유",회계연도[최근 전체 회계 연도 삽입] 동안 다음 출처에서 자금을 조달한 고정 자산의 총 구매 비율을 표시해라_은행에서 차입: 민간 및 국유,Null
c16,1376,988,Continuous,2011/2012 회계연도 동안 일반적인 한 달에 이 시설에서 물 공급 부족 사건이 몇 번 발생했습니까?_월 평균 물부족 건수,한 달 동안 이 시설에서 물 공급 부족 사건이 몇 번 발생했습니까?,Null
k21,4,95,Nominal,2011/2012 회계연도에 이 시설은 외부 감사인의 연간 재무제표 확인 및 인증을 받았습니까?,회계 연도 [마지막 전체 회계 연도 삽입]에 이 시설은 외부 감사인의 연간 재무제표 확인 및 인증을 받았습니까?,
k30,5,98,Nominal,"카드의 응답 옵션 사용 금융 접근성이 이 시설의 현재 운영에 어느 정도 장애가 됩니까?
Acess to finance",금융에 대한 접근은 현재 이 시설의 운영에 어느 정도 장애가 됩니까?,
k10,873,745,,"가장 최근의 신용 한도 또는 대출만 참조하면 가장 최근 신용 한도 또는 대출이 승인된 연도는 언제입니까?
Year",가장 최근의 신용 한도 또는 대출이 승인된 연도는 언제입니까?,Null
k3a,9,87,Percent,"2011/2012 회계연도 동안, 일상적인 운영 자본 중 다음의 각 출처에서 자금을 조달한 비율을 추정해 주십시오?_내부 자금 또는 이익 잉여금","회계 연도[최근 전체 회계 연도 삽입] 동안, 이 시설의 운전 자본, 즉 일상적인 운영에 사용할 수 있는 자금 중 다음 각 출처에서 자금을 조달한 비율을 추정해 주십시오._내부 자금 또는 이익 잉여금",
k3bc,8,86,Percent,"2011/2012 회계연도 동안, 일상적인 운영 자본 중 다음의 각 출처에서 자금을 조달한 비율을 추정해 주십시오?_은행에서 차입: 개인 및 국유","회계 연도[최근 전체 회계 연도 삽입] 동안, 이 시설의 운전 자본, 즉 일상적인 운영에 사용할 수 있는 자금 중 다음 각 출처에서 자금을 조달한 비율을 추정해 주십시오._은행에서 빌림:민간 및 국유금융 기관에서 빌림",
k3e,8,81,Percent,"2011/2012 회계연도 동안, 일상적인 운영 자본 중 다음의 각 출처에서 자금을 조달한 비율을 추정해 주십시오?_소액 금융 기관, 신용 협동 조합, 신용 조합 또는 금융 회사를 포함하는 비은행 금융 기관에서 차입","회계 연도[최근 전체 회계 연도 삽입] 동안, 이 시설의 운전 자본, 즉 일상적인 운영에 사용할 수 있는 자금 중 다음 각 출처에서 자금을 조달한 비율을 추정해 주십시오._소액금융기관, 신용협동조합, 신용협동조합 또는 금융회사를 포함한 비은행 금융기관에서 차입",
k3f,8,80,Percent,"2011/2012 회계연도 동안, 일상적인 운영 자본 중 다음의 각 출처에서 자금을 조달한 비율을 추정해 주십시오?_공급업체의 신용 구매 및 고객의 선불","회계 연도[최근 전체 회계 연도 삽입] 동안, 이 시설의 운전 자본, 즉 일상적인 운영에 사용할 수 있는 자금 중 다음 각 출처에서 자금을 조달한 비율을 추정해 주십시오._공급업체로부터 신용 구매 및 고객으로부터 선지급",
k3hd,8,82,Percent,"2011/2012 회계연도 동안, 일상적인 운영 자본 중 다음의 각 출처에서 자금을 조달한 비율을 추정해 주십시오?_기타, 대부업자, 친구, 친척 등","회계 연도[최근 전체 회계 연도 삽입] 동안, 이 시설의 운전 자본, 즉 일상적인 운영에 사용할 수 있는 자금 중 다음 각 출처에서 자금을 조달한 비율을 추정해 주십시오._기타, 대금업자, 친구, 친척 등",
h2,966,997,Nominal,새롭거나 상당히 개선된 제품이나 서비스가 시설의 주요 시장에도 새로운가?,새롭거나 개선된 제품이나 서비스가 시설의 주요 시장에도 새로운 것이 있었습니까?,Null
g5b,1322,868,Nominal,이 시설의 총 판매 면적은 얼마입니까?_단위만 입력,"이 시설의 총 판매 면적
SPECIFY UNITS",Null
k4,6,13,Nominal,"2011/2012 회계연도에 이 시설은 기계, 차량, 장비, 토지 또는 건물과 같은 고정 자산을 구입했습니까?","회계연도 [마지막 전체 회계연도 삽입]에 이 시설은 기존 구조물의 확장 및 개조를 포함하여 기계, 차량, 장비, 토지 또는 건물과 같은 신규 또는 중고 고정 자산을 구입했습니까?",
k6,4,16,Nominal,현재 이 시설에 당좌 예금 또는 저축예금 계좌가 있습니까?,현재 이 시설에 당좌예금(당좌예금) 또는 저축예금이 있습니까?,
k5a,1062,841,Percent,"2011/2012 회계연도 동안 이 시설의 총 고정 자산 구매 중 다음 각 출처에서 자금을 조달한 비율을 추정하십시오.
내부자금 또는 이익잉여금",회계연도[최근 전체 회계 연도 삽입] 동안 다음 출처에서 자금을 조달한 고정 자산의 총 구매 비율을 표시해라_내부자금 또는 이익잉여금,Null
k7,44,145,Nominal,현재 이 시설에 overdraft facility가 있습니까?,이 기관에 당좌대월 시설이 있습니까?,
k8,26,127,Nominal,현재 이 시설은 신용 한도 또는 금융 기관으로부터 대출을 받고 있습니까?,이 시설은 신용 한도 또는 금융 기관으로부터의 대출이 있습니까? ,
k9,821,624,Nominal,"가장 최근의 신용 한도 또는 대출을 언급할 때, 이 대출을 승인한 금융 기관은 무엇입니까?",가장 최근의 신용 한도 또는 대출을 언급할 때 이 대출을 승인한 금융 기관은 무엇입니까?,
l1,0,6,Continuous,"2011/2012 회계연도 말에 이 시설에서 근무한 상근 풀타임 직원은 몇 명입니까? 모든 직원 및 관리자를 포함하십시오.(정규직, 풀타임 직원은 1회계연도 이상의 계약 기간 및/또는 고용 계약 갱신이 보장되고 전체 교대 근무를 하는 모든 유급 직원으로 정의됩니다.)
정규직 근로자 지난 회계연도 말",회계 연도 말에 [마지막 전체 회계 연도 삽입] 이 시설에서 근무한 상근 풀타임 개인은 몇 명입니까? 모든 근로자와 관리자를 포함하십시오.,
l10,0,7,Nominal,2011/2012 회계연도 동안 이 시설은 정규 직원을 위한 정규 교육 프로그램을 가지고 있었습니까?,회계연도 말 [마지막 회계연도 삽입] 동안 이 시설은 상근 정규 직원을 위한 공식 교육 프로그램을 가지고 있었습니까?,
j11,1396,987,Continuous,이 수입 허가를 신청한 날부터 허가 받은 날까지 대략 며칠이 걸렸습니까?(Days),수입허가를 받기 위해 신청일로부터 며칠을 기다렸습니까?,Null
l2,27,19,Continuous,"회계연도 3년 전인 2009/2010 회계연도 말에 이 시설에서 근무하는 상근 풀타임 직원은 몇 명입니까? 모든 직원 및 관리자를 포함하십시오.
3회계연도 전 정규직 근로자",회계연도 말에 이 시설에서 근무한 상근 정규직 직원은 몇 명입니까? 모든 근로자와 관리자를 포함하십시오.,Null
l30a,16,7,Nominal,카드의 응답 옵션 사용 노동 규정이 이 시설의 현재 운영에 어느 정도 장애가 됩니까?,노동 규정은 이 시설의 현재 운영에 어느 정도 장애가 됩니까?,
l30b,8,7,Nominal,카드의 응답 옵션 사용 교육을 제대로 받지 못한 인력이 이시설의 현재 운영에 어느 정도 장애가 됩니까?,교육을 제대로 받지 못한 인력은 이 시설의 현재 운영에 어느 정도 장애가 됩니까?,
l3a,262,465,Continuous,"2011/2012 회계연도말에 이 시설에 정규직으로 근무하는 개인의 수는 다음과 같습니다.
생산 노동자",회계연도 말에 이 시설에서 근무한 상근 정규직 직원이 몇 명 있었습니까?_생산노동자만,
l3b,262,465,Continuous,"2011/2012 회계연도말에 이 시설에 정규직으로 근무하는 개인의 수는 다음과 같습니다.
비생산직 근로자[예: 관리자, 관리, 영업]","회계연도 말에 이 시설에서 근무한 상근 정규직 직원이 몇 명 있었습니까?_비생산노동자만(관리, 판매)",
l4b,263,7,Continuous,"2011/2012 회계연도 말에 이 시설에서 근무하는 상근 풀타임 개인의 수는 다음과 같습니다.
미숙련 생산 노동자",회계 연도 말[최근 전체 회계 연도 삽입]에 이 시설의 상근 정규직 생산 근로자는 몇 명입니까?_low skilled만,
l5a,265,467,Continuous,"2011/2012 회계연도 말에 다음 범주에서 이 시설에서 근무하는 상근 직원은 몇 명입니까?
여성 정규직 생산직",회계연도[202/2021] 말에 이 시설에서 다음 각 범주의  상근 정규직 근로자는 몇 명입니까?_생산직만,
l5b,267,467,Continuous,"2011/2012 회계연도 말에 다음 범주에서 이 시설에서 근무하는 상근 직원은 몇 명입니까?
여성 정규직 비생산직",회계연도[202/2021] 말에 이 시설에서 다음 각 범주의  상근 정규직 근로자는 몇 명입니까?_비생산직만,
l6,9,9,Continuous,"2011/2012년 동안 이 시설에서 정규직 임시 직원을 몇 명이나 고용했습니까?(정규직, 비정규직은 모두 재계약이 보장되지 않는 유급 단기(즉 1년 미만) 근로자를 말하며 정규직으로 일함)
지난 회계 연도에 고용된 풀타임 계절 근로자 또는 임시 근로자",[마지막 전체 회계 연도 삽입] 동안 이 시설에 몇 명의 상근 계절 근로자 또는 임시 근로자가 있었습니까?,
l9b,17,606,Percent,"중등교육을 마친 풀타임 정규직 근로자의 비율은 얼마입니까?
중등교육을 이수한 정규직 비율",회계연도 말 [마지막 회계연도 삽입] 에 중등교육을 마친 풀타임 상근 근로자의 몇 퍼센트 또는 몇 명이 고용되었습니까?_백분율,
m1a,3,147,Nominal,"목록에 포함된 비즈니스 환경 요소 중 현재 이 시설이 직면한 가장 큰 장애물이 무엇인지 알 수 있습니까?
가장 큰 장애물",비즈니스 환경의 요소 목록을 살펴보고 현재 이 시설이 직면한 가장 큰장애물이  있다면 무엇인지 알려주십시오,Null
n2a,31,38,Continuous,"이 시설의 2011/2012 회계연도 손익계산서에서 다음 정보를 제공하십시오.
임금, 급여, 상여금, 사회 보장 수당을 포함한 총 연간 인건비(Taka)","이 시설의 회계 연도 손익 계산서를 보고 임금, 급여, 보너스, 사회 보장 지불을 포함한 연간 노동 비용을 적어라(Taka)",
n2b,28,34,Continuous,"이 시설의 2011/2012 회계연도 손익계산서에서 다음 정보를 제공하십시오.
연료의 연간 총 비용(Taka)",이 시설의 회계 연도 손익 계산서를 보고 연간 총 전기 비용을 적어라(Taka),
n2e,310,490,Continuous,"이 시설의 2011/2012 회계연도 손익계산서에서 다음 정보를 제공하십시오.
생산에 사용되는 원자재 및 중간재의 연간 총 비용(Taka)",이 시설의 회계 연도 손익 계산서를 보고 생산에 사용되는 원자재 및 중간 상품의 연간 비용을 적어라(Taka),
n3,114,71,Continuous,회계연도 3년 전인 2009/2010 회계연도에 이 시설의 총 연간 매출은 얼마(Taka),회계연도[마지막 전체 회계 연도에서 2를 뺀 값 삽입]을 되돌아 보면 이 시설의 총 연간 매출은 얼마입니까?,Null
n7a,323,496,Continuous,"가설적으로, 이 시설이 현재 사용하는 자산을 현재 상태로 구입하고 시설 소유 여부에 관계없이 소유, 임대 또는 임대 여부와 관계없이 비용은 얼마입니까?
기계, 차량 및 장비(Taka)","이 시설이 현재 사용하는 모든 기계, 차량 및 장비 를 시설 소유 여부에 관계없이 현재 상태로 구입한다면 비용은 얼마입니까?(Taka 단위)",
SARd31e,,,Nominal,,,
SARd31f,,,Nominal,,,
idstd,,,,,,
h4a,,,Nominal,,,
BGDk1c,,,Nominal,,,
r1,,,Nominal,,,
BGDd22,,,Nominal,,,
BGDd30c,,,Continuous,,,
